<?xml version="1.0" encoding="UTF-8"?>
<project-private xmlns="http://www.netbeans.org/ns/project-private/1">
    <editor-bookmarks xmlns="http://www.netbeans.org/ns/editor-bookmarks/2" lastBookmarkId="0"/>
    <open-files xmlns="http://www.netbeans.org/ns/projectui-open-files/2">
        <group>
            <file>file:/C:/Users/Admin/Desktop/LBM/Library-Management-master/src/com/cruds/db/BookDAO.java</file>
            <file>file:/C:/Users/Admin/Desktop/LBM/Library-Management-master/src/com/cruds/db/DBConnectionManager.java</file>
            <file>file:/C:/Users/Admin/Desktop/LBM/Library-Management-master/src/com/cruds/db/AdminDAO.java</file>
        </group>
    </open-files>
</project-private>
